{"cameraMode":{"drawMode":0,"name":"Shaded","section":"Shading Mode"},"sceneLighting":false,"audioPlay":false,"sceneViewState":{"showFog":true,"showMaterialUpdate":false,"showSkybox":false,"showFlares":true,"showImageEffects":true,"showParticleSystems":true,"showVisualEffectGraphs":true,"m_FxEnabled":true},"in2DMode":false,"pivot":{"x":0.07053449749946594,"y":0.8997746109962463,"z":0.34999996423721316},"rotation":{"x":0.029106391593813897,"y":0.9582844972610474,"z":-0.26398536562919619,"w":0.10564537346363068},"size":1.4914926290512086,"orthographic":false}